Data Lettura;Tipo Lettura; Lettura cumulata ; Lettura puntuale ;Fascia consumo;Fascia fatturazione;Chiave
07/04/2008;Lettura Attivazione; 31.783   ; -     ;F0;F0;2008_02
29/04/2008;Lettura Stimata; 31.949   ; 166   ;F0;F0;2008_03
07/07/2008;Lettura Rilevata; 31.883   ;-66   ;F0;F0;2008_04
11/09/2008;Lettura Stimata; 31.955   ; 72   ;F0;F0;2008_05
04/11/2008;Lettura Stimata; 32.013   ; 58   ;F0;F0;2008_06
15/01/2009;Lettura Stimata; 32.092   ; 79   ;F0;F0;2009_01
10/03/2009;Lettura Stimata; 32.150   ; 58   ;F0;F0;2009_02
05/05/2009;Lettura Stimata; 32.211   ; 61   ;F0;F0;2009_03
24/06/2009;Lettura Rilevata; 32.634   ; 423   ;F0;F0;2009_04
10/09/2009;Lettura Stimata; 32.800   ; 166   ;F0;F0;2009_05
31/10/2009;Lettura Rilevata; 32.987   ; 187   ;F0;F0;2009_06
12/01/2010;Lettura Stimata; 33.187   ; 200   ;F0;F0;2010_01
05/03/2010;Lettura Stimata; 33.329   ; 142   ;F0;F0;2010_02
12/03/2010;Lettura Rilevata; 33.388   ; 59   ;F0;F0;2010_02
03/05/2010;Lettura Stimata; 157   ; 157   ;F0;F0;2010_03
25/06/2010;Lettura Rilevata; 316   ; 159   ;F0;F0;2010_04
13/09/2010;Lettura Stimata; 557   ; 241   ;F0;F0;2010_05
08/11/2010;Lettura Stimata; 725   ; 168   ;F0;F0;2010_05
21/11/2010;Lettura Rilevata; 28   ; 136   ;F0;F0;2010_06
30/11/2010;Lettura Rilevata; 226   ; 9   ;F1;F1;2010_06
30/11/2010;Lettura Rilevata; 273   ; 9   ;F2;F23;2010_06
30/11/2010;Lettura Rilevata; 390   ; 11   ;F3;F23;2010_06
31/12/2010;Lettura Rilevata; 266   ; 40   ;F1;F1;2010_06
31/12/2010;Lettura Rilevata; 314   ; 41   ;F2;F23;2010_06
31/12/2010;Lettura Rilevata; 447   ; 57   ;F3;F23;2010_06
31/01/2011;Lettura Rilevata; 300   ; 34   ;F1;F1;2011_01
31/01/2011;Lettura Rilevata; 358   ; 44   ;F2;F23;2011_01
31/01/2011;Lettura Rilevata; 507   ; 60   ;F3;F23;2011_01
28/02/2011;Lettura Rilevata; 324   ; 24   ;F1;F1;2011_01
28/02/2011;Lettura Rilevata; 396   ; 38   ;F2;F23;2011_01
28/02/2011;Lettura Rilevata; 551   ; 44   ;F3;F23;2011_01
31/03/2011;Lettura Rilevata; 351   ; 27   ;F1;F1;2011_02
31/03/2011;Lettura Rilevata; 438   ; 42   ;F2;F23;2011_02
31/03/2011;Lettura Rilevata; 596   ; 45   ;F3;F23;2011_02
30/04/2011;Lettura Rilevata; 377   ; 26   ;F1;F1;2011_02
30/04/2011;Lettura Rilevata; 475   ; 37   ;F2;F23;2011_02
30/04/2011;Lettura Rilevata; 639   ; 43   ;F3;F23;2011_02
31/05/2011;Lettura Rilevata; 412   ; 35   ;F1;F1;2011_03
31/05/2011;Lettura Rilevata; 537   ; 62   ;F2;F23;2011_03
31/05/2011;Lettura Rilevata; 704   ; 65   ;F3;F23;2011_03
30/06/2011;Lettura Rilevata; 451   ; 39   ;F1;F1;2011_03
30/06/2011;Lettura Rilevata; 603   ; 66   ;F2;F23;2011_03
30/06/2011;Lettura Rilevata; 769   ; 65   ;F3;F23;2011_03
31/07/2011;Lettura Rilevata; 487   ; 36   ;F1;F1;2011_04
31/07/2011;Lettura Rilevata; 676   ; 73   ;F2;F23;2011_04
31/07/2011;Lettura Rilevata; 834   ; 65   ;F3;F23;2011_04
31/08/2011;Lettura Rilevata; 523   ; 36   ;F1;F1;2011_04
31/08/2011;Lettura Rilevata; 726   ; 50   ;F2;F23;2011_04
31/08/2011;Lettura Rilevata; 886   ; 52   ;F3;F23;2011_04
30/09/2011;Lettura Rilevata; 551   ; 28   ;F1;F1;2011_05
30/09/2011;Lettura Rilevata; 767   ; 41   ;F2;F23;2011_05
30/09/2011;Lettura Rilevata; 937   ; 51   ;F3;F23;2011_05
31/10/2011;Lettura Rilevata; 578   ; 27   ;F1;F1;2011_05
31/10/2011;Lettura Rilevata; 813   ; 46   ;F2;F23;2011_05
31/10/2011;Lettura Rilevata; 991   ; 54   ;F3;F23;2011_05
30/11/2011;Lettura Rilevata; 606   ; 28   ;F1;F1;2011_06
30/11/2011;Lettura Rilevata; 853   ; 40   ;F2;F23;2011_06
30/11/2011;Lettura Rilevata; 1.044   ; 53   ;F3;F23;2011_06
31/12/2011;Lettura Rilevata; 649   ; 43   ;F1;F1;2011_06
31/12/2011;Lettura Rilevata; 899   ; 46   ;F2;F23;2011_06
31/12/2011;Lettura Rilevata; 1.101   ; 57   ;F3;F23;2011_06
31/01/2012;Lettura Rilevata; 695   ; 46   ;F1;F1;2012_01
31/01/2012;Lettura Rilevata; 944   ; 45   ;F2;F23;2012_01
31/01/2012;Lettura Rilevata; 1.161   ; 60   ;F3;F23;2012_01
29/02/2012;Lettura Rilevata; 732   ; 37   ;F1;F1;2012_01
29/02/2012;Lettura Rilevata; 991   ; 47   ;F2;F23;2012_01
29/02/2012;Lettura Rilevata; 1.216   ; 55   ;F3;F23;2012_01
31/03/2012;Lettura Rilevata; 761   ; 29   ;F1;F1;2012_02
31/03/2012;Lettura Rilevata; 1.037   ; 46   ;F2;F23;2012_02
31/03/2012;Lettura Rilevata; 1.264   ; 48   ;F3;F23;2012_02
30/04/2012;Lettura Rilevata; 788   ; 27   ;F1;F1;2012_02
30/04/2012;Lettura Rilevata; 1.070   ; 33   ;F2;F23;2012_02
30/04/2012;Lettura Rilevata; 1.321   ; 57   ;F3;F23;2012_02
31/05/2012;Lettura Rilevata; 818   ; 30   ;F1;F1;2012_03
31/05/2012;Lettura Rilevata; 1.104   ; 34   ;F2;F23;2012_03
31/05/2012;Lettura Rilevata; 1.372   ; 51   ;F3;F23;2012_03
30/06/2012;Lettura Rilevata; 847   ; 29   ;F1;F1;2012_03
30/06/2012;Lettura Rilevata; 1.145   ; 41   ;F2;F23;2012_03
30/06/2012;Lettura Rilevata; 1.427   ; 55   ;F3;F23;2012_03
31/07/2012;Lettura Calcolata; 881   ; 34   ;F1;F1;2012_04
31/07/2012;Lettura Calcolata; 1.184   ; 39   ;F2;F23;2012_04
31/07/2012;Lettura Calcolata; 1.482   ; 55   ;F3;F23;2012_04
31/08/2012;Lettura Calcolata; 915   ; 34   ;F1;F1;2012_04
31/08/2012;Lettura Calcolata; 1.223   ; 39   ;F2;F23;2012_04
31/08/2012;Lettura Calcolata; 1.537   ; 55   ;F3;F23;2012_04
30/09/2012;Lettura Calcolata; 949   ; 34   ;F1;F1;2012_05
30/09/2012;Lettura Calcolata; 1.262   ; 39   ;F2;F23;2012_05
30/09/2012;Lettura Calcolata; 1.592   ; 55   ;F3;F23;2012_05
31/10/2012;Lettura Calcolata; 983   ; 34   ;F1;F1;2012_05
31/10/2012;Lettura Calcolata; 1.301   ; 39   ;F2;F23;2012_05
31/10/2012;Lettura Calcolata; 1.647   ; 55   ;F3;F23;2012_05
30/11/2012;Lettura Calcolata; 1.017   ; 34   ;F1;F1;2012_06
30/11/2012;Lettura Calcolata; 1.340   ; 39   ;F2;F23;2012_06
30/11/2012;Lettura Calcolata; 1.702   ; 55   ;F3;F23;2012_06
31/12/2012;Lettura Rilevata; 1.049   ; 32   ;F1;F1;2012_06
31/12/2012;Lettura Rilevata; 1.376   ; 36   ;F2;F23;2012_06
31/12/2012;Lettura Rilevata; 1.756   ; 54   ;F3;F23;2012_06
31/01/2013;Lettura Rilevata; 1.075   ; 26   ;F1;F1;2013_01
31/01/2013;Lettura Rilevata; 1.409   ; 33   ;F2;F23;2013_01
31/01/2013;Lettura Rilevata; 1.799   ; 43   ;F3;F23;2013_01
28/02/2013;Lettura Rilevata; 1.106   ; 31   ;F1;F1;2013_01
28/02/2013;Lettura Rilevata; 1.447   ; 38   ;F2;F23;2013_01
28/02/2013;Lettura Rilevata; 1.841   ; 42   ;F3;F23;2013_01
31/03/2013;Lettura Rilevata; 1.130   ; 24   ;F1;F1;2013_02
31/03/2013;Lettura Rilevata; 1.481   ; 34   ;F2;F23;2013_02
31/03/2013;Lettura Rilevata; 1.882   ; 41   ;F3;F23;2013_02
30/04/2013;Lettura Rilevata; 1.147   ; 17   ;F1;F1;2013_02
30/04/2013;Lettura Rilevata; 1.509   ; 28   ;F2;F23;2013_02
30/04/2013;Lettura Rilevata; 1.921   ; 39   ;F3;F23;2013_02
31/05/2013;Lettura Rilevata; 1.166   ; 19   ;F1;F1;2013_03
31/05/2013;Lettura Rilevata; 1.533   ; 24   ;F2;F23;2013_03
31/05/2013;Lettura Rilevata; 1.953   ; 32   ;F3;F23;2013_03
30/06/2013;Lettura Calcolata; 1.192   ; 26   ;F1;F1;2013_03
30/06/2013;Lettura Calcolata; 1.573   ; 40   ;F2;F23;2013_03
30/06/2013;Lettura Calcolata; 1.996   ; 43   ;F3;F23;2013_03
31/07/2013;Lettura Calcolata; 1.218   ; 26   ;F1;F1;2013_04
31/07/2013;Lettura Calcolata; 1.613   ; 40   ;F2;F23;2013_04
31/07/2013;Lettura Calcolata; 2.039   ; 43   ;F3;F23;2013_04
31/08/2013;Lettura Rilevata; 1.245   ; 27   ;F1;F1;2013_04
31/08/2013;Lettura Rilevata; 1.654   ; 41   ;F2;F23;2013_04
31/08/2013;Lettura Rilevata; 2.081   ; 42   ;F3;F23;2013_04
30/09/2013;Lettura Rilevata; 1.263   ; 18   ;F1;F1;2013_05
30/09/2013;Lettura Rilevata; 1.682   ; 28   ;F2;F23;2013_05
30/09/2013;Lettura Rilevata; 2.121   ; 40   ;F3;F23;2013_05
31/10/2013;Lettura Rilevata; 1.280   ; 17   ;F1;F1;2013_05
31/10/2013;Lettura Rilevata; 1.712   ; 30   ;F2;F23;2013_05
31/10/2013;Lettura Rilevata; 2.156   ; 35   ;F3;F23;2013_05
30/11/2013;Lettura Rilevata; 1.298   ; 18   ;F1;F1;2013_06
30/11/2013;Lettura Rilevata; 1.749   ; 37   ;F2;F23;2013_06
30/11/2013;Lettura Rilevata; 2.193   ; 37   ;F3;F23;2013_06
31/12/2013;Lettura Rilevata; 1.323   ; 25   ;F1;F1;2013_06
31/12/2013;Lettura Rilevata; 1.787   ; 38   ;F2;F23;2013_06
31/12/2013;Lettura Rilevata; 2.235   ; 42   ;F3;F23;2013_06
31/01/2014;Lettura Rilevata; 1.345   ; 22   ;F1;F1;2014_01
31/01/2014;Lettura Rilevata; 1.820   ; 33   ;F2;F23;2014_01
31/01/2014;Lettura Rilevata; 2.278   ; 43   ;F3;F23;2014_01
28/02/2014;Lettura Rilevata; 1.361   ; 16   ;F1;F1;2014_01
28/02/2014;Lettura Rilevata; 1.849   ; 29   ;F2;F23;2014_01
28/02/2014;Lettura Rilevata; 2.312   ; 34   ;F3;F23;2014_01
31/03/2014;Lettura Rilevata; 1.377   ; 16   ;F1;F1;2014_02
31/03/2014;Lettura Rilevata; 1.881   ; 32   ;F2;F23;2014_02
31/03/2014;Lettura Rilevata; 2.347   ; 35   ;F3;F23;2014_02
30/04/2014;Lettura Rilevata; 1.397   ; 20   ;F1;F1;2014_02
30/04/2014;Lettura Rilevata; 1.906   ; 25   ;F2;F23;2014_02
30/04/2014;Lettura Rilevata; 2.384   ; 37   ;F3;F23;2014_02
31/05/2014;Lettura Rilevata; 1.415   ; 18   ;F1;F1;2014_03
31/05/2014;Lettura Rilevata; 1.936   ; 30   ;F2;F23;2014_03
31/05/2014;Lettura Rilevata; 2.418   ; 34   ;F3;F23;2014_03
30/06/2014;Lettura Rilevata; 1.433   ; 18   ;F1;F1;2014_03
30/06/2014;Lettura Rilevata; 1.971   ; 35   ;F2;F23;2014_03
30/06/2014;Lettura Rilevata; 2.457   ; 39   ;F3;F23;2014_03
31/07/2014;Lettura Rilevata; 1.451   ; 18   ;F1;F1;2014_04
31/07/2014;Lettura Rilevata; 1.998   ; 27   ;F2;F23;2014_04
31/07/2014;Lettura Rilevata; 2.490   ; 33   ;F3;F23;2014_04
31/08/2014;Lettura Rilevata; 1.474   ; 23   ;F1;F1;2014_04
31/08/2014;Lettura Rilevata; 2.031   ; 33   ;F2;F23;2014_04
31/08/2014;Lettura Rilevata; 2.532   ; 42   ;F3;F23;2014_04
30/09/2014;Lettura Rilevata; 1.490   ; 16   ;F1;F1;2014_05
30/09/2014;Lettura Rilevata; 2.061   ; 30   ;F2;F23;2014_05
30/09/2014;Lettura Rilevata; 2.563   ; 31   ;F3;F23;2014_05
31/10/2014;Lettura Rilevata; 1.506   ; 16   ;F1;F1;2014_05
31/10/2014;Lettura Rilevata; 2.087   ; 26   ;F2;F23;2014_05
31/10/2014;Lettura Rilevata; 2.595   ; 32   ;F3;F23;2014_05
30/11/2014;Lettura Rilevata; 1.522   ; 16   ;F1;F1;2014_06
30/11/2014;Lettura Rilevata; 2.116   ; 29   ;F2;F23;2014_06
30/11/2014;Lettura Rilevata; 2.634   ; 39   ;F3;F23;2014_06
31/12/2014;Lettura Rilevata; 1.546   ; 24   ;F1;F1;2014_06
31/12/2014;Lettura Rilevata; 2.145   ; 29   ;F2;F23;2014_06
31/12/2014;Lettura Rilevata; 2.673   ; 39   ;F3;F23;2014_06
31/01/2015;Lettura Rilevata; 1.565   ; 19   ;F1;F1;2015_01
31/01/2015;Lettura Rilevata; 2.177   ; 32   ;F2;F23;2015_01
31/01/2015;Lettura Rilevata; 2.713   ; 40   ;F3;F23;2015_01
28/02/2015;Lettura Rilevata; 1.584   ; 19   ;F1;F1;2015_01
28/02/2015;Lettura Rilevata; 2.204   ; 27   ;F2;F23;2015_01
28/02/2015;Lettura Rilevata; 2.745   ; 32   ;F3;F23;2015_01
31/03/2015;Lettura Rilevata; 1.603   ; 19   ;F1;F1;2015_02
31/03/2015;Lettura Rilevata; 2.231   ; 27   ;F2;F23;2015_02
31/03/2015;Lettura Rilevata; 2.781   ; 36   ;F3;F23;2015_02
30/04/2015;Lettura Rilevata; 1.620   ; 17   ;F1;F1;2015_02
30/04/2015;Lettura Rilevata; 2.254   ; 23   ;F2;F23;2015_02
30/04/2015;Lettura Rilevata; 2.815   ; 34   ;F3;F23;2015_02
31/05/2015;Lettura Rilevata; 1.636   ; 16   ;F1;F1;2015_03
31/05/2015;Lettura Rilevata; 2.279   ; 25   ;F2;F23;2015_03
31/05/2015;Lettura Rilevata; 2.852   ; 37   ;F3;F23;2015_03
30/06/2015;Lettura Rilevata; 1.659   ; 23   ;F1;F1;2015_03
30/06/2015;Lettura Rilevata; 2.310   ; 31   ;F2;F23;2015_03
30/06/2015;Lettura Rilevata; 2.889   ; 37   ;F3;F23;2015_03
31/07/2015;Lettura Rilevata; 1.693   ; 34   ;F1;F1;2015_04
31/07/2015;Lettura Rilevata; 2.363   ; 53   ;F2;F23;2015_04
31/07/2015;Lettura Rilevata; 2.943   ; 54   ;F3;F23;2015_04
31/08/2015;Lettura Rilevata; 1.715   ; 22   ;F1;F1;2015_04
31/08/2015;Lettura Rilevata; 2.394   ; 31   ;F2;F23;2015_04
31/08/2015;Lettura Rilevata; 2.985   ; 42   ;F3;F23;2015_04
30/09/2015;Lettura Rilevata; 1.732   ; 17   ;F1;F1;2015_05
30/09/2015;Lettura Rilevata; 2.417   ; 23   ;F2;F23;2015_05
30/09/2015;Lettura Rilevata; 3.014   ; 29   ;F3;F23;2015_05
31/10/2015;Lettura Rilevata; 1.750   ; 18   ;F1;F1;2015_05
31/10/2015;Lettura Rilevata; 2.442   ; 25   ;F2;F23;2015_05
31/10/2015;Lettura Rilevata; 3.044   ; 30   ;F3;F23;2015_05
30/11/2015;Lettura Rilevata; 1.769   ; 19   ;F1;F1;2015_06
30/11/2015;Lettura Rilevata; 2.465   ; 23   ;F2;F2;2015_06
30/11/2015;Lettura Rilevata; 3.081   ; 37   ;F3;F3;2015_06
31/12/2015;Lettura Rilevata; 1.795   ; 26   ;F1;F1;2015_06
31/12/2015;Lettura Rilevata; 2.493   ; 28   ;F2;F2;2015_06
31/12/2015;Lettura Rilevata; 3.123   ; 42   ;F3;F3;2015_06
31/01/2016;Lettura Rilevata; 1.815   ; 20   ;F1;F1;2016_01
31/01/2016;Lettura Rilevata; 2.526   ; 33   ;F2;F2;2016_01
31/01/2016;Lettura Rilevata; 3.171   ; 48   ;F3;F3;2016_01
29/02/2016;Lettura Rilevata; 1.833   ; 18   ;F1;F1;2016_01
29/02/2016;Lettura Rilevata; 2.554   ; 28   ;F2;F2;2016_01
29/02/2016;Lettura Rilevata; 3.203   ; 32   ;F3;F3;2016_01
31/03/2016;Lettura Rilevata; 1.860   ; 27   ;F1;F1;2016_02
31/03/2016;Lettura Rilevata; 2.580   ; 26   ;F2;F2;2016_02
31/03/2016;Lettura Rilevata; 3.235   ; 32   ;F3;F3;2016_02
30/04/2016;Lettura Rilevata; 1.876   ; 16   ;F1;F1;2016_02
30/04/2016;Lettura Rilevata; 2.608   ; 28   ;F2;F2;2016_02
30/04/2016;Lettura Rilevata; 3.267   ; 32   ;F3;F3;2016_02
31/05/2016;Lettura Rilevata; 1.895   ; 19   ;F1;F1;2016_03
31/05/2016;Lettura Rilevata; 2.634   ; 26   ;F2;F2;2016_03
31/05/2016;Lettura Rilevata; 3.300   ; 33   ;F3;F3;2016_03
30/06/2016;Lettura Rilevata; 1.918   ; 23   ;F1;F1;2016_03
30/06/2016;Lettura Rilevata; 2.664   ; 30   ;F2;F2;2016_03
30/06/2016;Lettura Rilevata; 3.336   ; 36   ;F3;F3;2016_03
31/07/2016;Lettura Rilevata; 1.943   ; 25   ;F1;F1;2016_04
31/07/2016;Lettura Rilevata; 2.706   ; 42   ;F2;F2;2016_04
31/07/2016;Lettura Rilevata; 3.376   ; 40   ;F3;F3;2016_04
31/08/2016;Lettura Rilevata; 1.976   ; 33   ;F1;F1;2016_04
31/08/2016;Lettura Rilevata; 2.747   ; 41   ;F2;F2;2016_04
31/08/2016;Lettura Rilevata; 3.416   ; 40   ;F3;F3;2016_04
30/09/2016;Lettura Rilevata; 1.999   ; 23   ;F1;F1;2016_05
30/09/2016;Lettura Rilevata; 2.782   ; 35   ;F2;F2;2016_05
30/09/2016;Lettura Rilevata; 3.452   ; 36   ;F3;F3;2016_05
31/10/2016;Lettura Rilevata; 2.015   ; 16   ;F1;F1;2016_05
31/10/2016;Lettura Rilevata; 2.811   ; 29   ;F2;F2;2016_05
31/10/2016;Lettura Rilevata; 3.484   ; 32   ;F3;F3;2016_05
30/11/2016;Lettura Rilevata; 2.033   ; 18   ;F1;F1;2016_06
30/11/2016;Lettura Rilevata; 2.839   ; 28   ;F2;F2;2016_06
30/11/2016;Lettura Rilevata; 3.521   ; 37   ;F3;F3;2016_06
31/12/2016;Lettura Rilevata; 2.059   ; 26   ;F1;F1;2016_06
31/12/2016;Lettura Rilevata; 2.878   ; 39   ;F2;F2;2016_06
31/12/2016;Lettura Rilevata; 3.564   ; 43   ;F3;F3;2016_06
31/01/2017;Lettura Rilevata; 2.089   ; 30   ;F1;F1;2017_01
31/01/2017;Lettura Rilevata; 2.910   ; 32   ;F2;F2;2017_01
31/01/2017;Lettura Rilevata; 3.612   ; 48   ;F3;F3;2017_01
28/02/2017;Lettura Rilevata; 2.108   ; 19   ;F1;F1;2017_01
28/02/2017;Lettura Rilevata; 2.937   ; 27   ;F2;F2;2017_01
28/02/2017;Lettura Rilevata; 3.642   ; 30   ;F3;F3;2017_01
31/03/2017;Lettura Rilevata; 2.126   ; 18   ;F1;F1;2017_02
31/03/2017;Lettura Rilevata; 2.962   ; 25   ;F2;F2;2017_02
31/03/2017;Lettura Rilevata; 3.676   ; 34   ;F3;F3;2017_02
30/04/2017;Lettura Rilevata; 2.141   ; 15   ;F1;F1;2017_02
30/04/2017;Lettura Rilevata; 2.992   ; 30   ;F2;F2;2017_02
30/04/2017;Lettura Rilevata; 3.711   ; 35   ;F3;F3;2017_02
31/05/2017;Lettura Rilevata; 2.160   ; 19   ;F1;F1;2017_03
31/05/2017;Lettura Rilevata; 3.022   ; 30   ;F2;F2;2017_03
31/05/2017;Lettura Rilevata; 3.746   ; 35   ;F3;F3;2017_03
30/06/2017;Lettura Rilevata; 2.191   ; 31   ;F1;F1;2017_03
30/06/2017;Lettura Rilevata; 3.064   ; 42   ;F2;F2;2017_03
30/06/2017;Lettura Rilevata; 3.789   ; 43   ;F3;F3;2017_03
31/07/2017;Lettura Rilevata; 2.222   ; 31   ;F1;F1;2017_04
31/07/2017;Lettura Rilevata; 3.103   ; 39   ;F2;F2;2017_04
31/07/2017;Lettura Rilevata; 3.829   ; 40   ;F3;F3;2017_04
31/08/2017;Lettura Rilevata; 2.257   ; 35   ;F1;F1;2017_04
31/08/2017;Lettura Rilevata; 3.153   ; 50   ;F2;F2;2017_04
31/08/2017;Lettura Rilevata; 3.876   ; 47   ;F3;F3;2017_04
30/09/2017;Lettura Rilevata; 2.276   ; 19   ;F1;F1;2017_05
30/09/2017;Lettura Rilevata; 3.184   ; 31   ;F2;F2;2017_05
30/09/2017;Lettura Rilevata; 3.908   ; 32   ;F3;F3;2017_05
31/10/2017;Lettura Rilevata; 2.290   ; 14   ;F1;F1;2017_05
31/10/2017;Lettura Rilevata; 3.211   ; 27   ;F2;F2;2017_05
31/10/2017;Lettura Rilevata; 3.942   ; 34   ;F3;F3;2017_05
30/11/2017;Lettura Rilevata; 2.311   ; 21   ;F1;F1;2017_06
30/11/2017;Lettura Rilevata; 3.239   ; 28   ;F2;F2;2017_06
30/11/2017;Lettura Rilevata; 3.978   ; 36   ;F3;F3;2017_06
31/12/2017;Lettura Rilevata; 2.346   ; 35   ;F1;F1;2017_06
31/12/2017;Lettura Rilevata; 3.269   ; 30   ;F2;F2;2017_06
31/12/2017;Lettura Rilevata; 4.025   ; 47   ;F3;F3;2017_06
31/01/2018;Lettura Rilevata; 2.373   ; 27   ;F1;F1;2018_01
31/01/2018;Lettura Rilevata; 3.302   ; 33   ;F2;F2;2018_01
31/01/2018;Lettura Rilevata; 4.065   ; 40   ;F3;F3;2018_01
28/02/2018;Lettura Rilevata; 2.403   ; 30   ;F1;F1;2018_01
28/02/2018;Lettura Rilevata; 3.336   ; 34   ;F2;F2;2018_01
28/02/2018;Lettura Rilevata; 4.100   ; 35   ;F3;F3;2018_01
31/03/2018;Lettura Rilevata; 2.435   ; 32   ;F1;F1;2018_02
31/03/2018;Lettura Rilevata; 3.378   ; 42   ;F2;F2;2018_02
31/03/2018;Lettura Rilevata; 4.137   ; 37   ;F3;F3;2018_02
30/04/2018;Lettura Rilevata; 2.452   ; 17   ;F1;F1;2018_02
30/04/2018;Lettura Rilevata; 3.405   ; 27   ;F2;F2;2018_02
30/04/2018;Lettura Rilevata; 4.175   ; 38   ;F3;F3;2018_02
31/05/2018;Lettura Rilevata; 2.469   ; 17   ;F1;F1;2018_03
31/05/2018;Lettura Rilevata; 3.429   ; 24   ;F2;F2;2018_03
31/05/2018;Lettura Rilevata; 4.209   ; 34   ;F3;F3;2018_03
30/06/2018;Lettura Rilevata; 2.495   ; 26   ;F1;F1;2018_03
30/06/2018;Lettura Rilevata; 3.465   ; 36   ;F2;F2;2018_03
30/06/2018;Lettura Rilevata; 4.245   ; 36   ;F3;F3;2018_03
31/07/2018;Lettura Rilevata; 2.528   ; 33   ;F1;F1;2018_04
31/07/2018;Lettura Rilevata; 3.503   ; 38   ;F2;F2;2018_04
31/07/2018;Lettura Rilevata; 4.288   ; 43   ;F3;F3;2018_04
31/08/2018;Lettura Rilevata; 2.561   ; 33   ;F1;F1;2018_04
31/08/2018;Lettura Rilevata; 3.551   ; 48   ;F2;F2;2018_04
31/08/2018;Lettura Rilevata; 4.336   ; 48   ;F3;F3;2018_04
30/09/2018;Lettura Rilevata; 2.579   ; 18   ;F1;F1;2018_05
30/09/2018;Lettura Rilevata; 3.577   ; 26   ;F2;F2;2018_05
30/09/2018;Lettura Rilevata; 4.369   ; 33   ;F3;F3;2018_05
31/10/2018;Lettura Rilevata; 2.595   ; 16   ;F1;F1;2018_05
31/10/2018;Lettura Rilevata; 3.604   ; 27   ;F2;F2;2018_05
31/10/2018;Lettura Rilevata; 4.397   ; 28   ;F3;F3;2018_05
30/11/2018;Lettura Rilevata; 2.615   ; 20   ;F1;F1;2018_06
30/11/2018;Lettura Rilevata; 3.631   ; 27   ;F2;F2;2018_06
30/11/2018;Lettura Rilevata; 4.429   ; 32   ;F3;F3;2018_06
31/12/2018;Lettura Rilevata; 2.641   ; 26   ;F1;F1;2018_06
31/12/2018;Lettura Rilevata; 3.661   ; 30   ;F2;F2;2018_06
31/12/2018;Lettura Rilevata; 4.477   ; 48   ;F3;F3;2018_06
31/01/2019;Lettura Rilevata; 2.668   ; 27   ;F1;F1;2019_01
31/01/2019;Lettura Rilevata; 3.689   ; 28   ;F2;F2;2019_01
31/01/2019;Lettura Rilevata; 4.516   ; 39   ;F3;F3;2019_01
28/02/2019;Lettura Rilevata; 2.688   ; 20   ;F1;F1;2019_01
28/02/2019;Lettura Rilevata; 3.711   ; 22   ;F2;F2;2019_01
28/02/2019;Lettura Rilevata; 4.548   ; 32   ;F3;F3;2019_01
31/03/2019;Lettura Rilevata; 2.707   ; 19   ;F1;F1;2019_02
31/03/2019;Lettura Rilevata; 3.735   ; 24   ;F2;F2;2019_02
31/03/2019;Lettura Rilevata; 4.582   ; 34   ;F3;F3;2019_02
30/04/2019;Lettura Rilevata; 2.724   ; 17   ;F1;F1;2019_02
30/04/2019;Lettura Rilevata; 3.756   ; 21   ;F2;F2;2019_02
30/04/2019;Lettura Rilevata; 4.616   ; 34   ;F3;F3;2019_02
31/05/2019;Lettura Rilevata; 2.740   ; 16   ;F1;F1;2019_03
31/05/2019;Lettura Rilevata; 3.780   ; 24   ;F2;F2;2019_03
31/05/2019;Lettura Rilevata; 4.647   ; 31   ;F3;F3;2019_03
30/06/2019;Lettura Rilevata; 2.764   ; 24   ;F1;F1;2019_03
30/06/2019;Lettura Rilevata; 3.806   ; 26   ;F2;F2;2019_03
30/06/2019;Lettura Rilevata; 4.682   ; 35   ;F3;F3;2019_03
31/07/2019;Lettura Rilevata; 2.787   ; 23   ;F1;F1;2019_04
31/07/2019;Lettura Rilevata; 3.834   ; 28   ;F2;F2;2019_04
31/07/2019;Lettura Rilevata; 4.722   ; 40   ;F3;F3;2019_04
31/08/2019;Lettura Rilevata; 2.813   ; 26   ;F1;F1;2019_04
31/08/2019;Lettura Rilevata; 3.860   ; 26   ;F2;F2;2019_04
31/08/2019;Lettura Rilevata; 4.761   ; 39   ;F3;F3;2019_04
30/09/2019;Lettura Rilevata; 2.832   ; 19   ;F1;F1;2019_05
30/09/2019;Lettura Rilevata; 3.884   ; 24   ;F2;F2;2019_05
30/09/2019;Lettura Rilevata; 4.794   ; 33   ;F3;F3;2019_05
31/10/2019;Lettura Rilevata; 2.851   ; 19   ;F1;F1;2019_05
31/10/2019;Lettura Rilevata; 3.909   ; 25   ;F2;F2;2019_05
31/10/2019;Lettura Rilevata; 4.824   ; 30   ;F3;F3;2019_05
30/11/2019;Lettura Rilevata; 2.870   ; 19   ;F1;F1;2019_06
30/11/2019;Lettura Rilevata; 3.939   ; 30   ;F2;F2;2019_06
30/11/2019;Lettura Rilevata; 4.855   ; 31   ;F3;F3;2019_06
31/12/2019;Lettura Rilevata; 2.893   ; 23   ;F1;F1;2019_06
31/12/2019;Lettura Rilevata; 3.964   ; 25   ;F2;F2;2019_06
31/12/2019;Lettura Rilevata; 4.894   ; 39   ;F3;F3;2019_06
31/01/2020;Lettura Rilevata; 2.920   ; 27   ;F1;F1;2020_01
31/01/2020;Lettura Rilevata; 3.993   ; 29   ;F2;F2;2020_01
31/01/2020;Lettura Rilevata; 4.931   ; 37   ;F3;F3;2020_01
29/02/2020;Lettura Rilevata; 2.940   ; 20   ;F1;F1;2020_01
29/02/2020;Lettura Rilevata; 4.021   ; 28   ;F2;F2;2020_01
29/02/2020;Lettura Rilevata; 4.958   ; 27   ;F3;F3;2020_01
31/03/2020;Lettura Rilevata; 2.969   ; 29   ;F1;F1;2020_02
31/03/2020;Lettura Rilevata; 4.056   ; 35   ;F2;F2;2020_02
31/03/2020;Lettura Rilevata; 4.991   ; 33   ;F3;F3;2020_02
30/04/2020;Lettura Rilevata; 3.004   ; 35   ;F1;F1;2020_02
30/04/2020;Lettura Rilevata; 4.091   ; 35   ;F2;F2;2020_02
30/04/2020;Lettura Rilevata; 5.030   ; 39   ;F3;F3;2020_02
31/05/2020;Lettura Rilevata; 3.038   ; 34   ;F1;F1;2020_03
31/05/2020;Lettura Rilevata; 4.129   ; 38   ;F2;F2;2020_03
31/05/2020;Lettura Rilevata; 5.072   ; 42   ;F3;F3;2020_03
30/06/2020;Lettura Rilevata; 3.073   ; 35   ;F1;F1;2020_03
30/06/2020;Lettura Rilevata; 4.158   ; 29   ;F2;F2;2020_03
30/06/2020;Lettura Rilevata; 5.110   ; 38   ;F3;F3;2020_03
31/07/2020;Lettura Rilevata; 3.127   ; 54   ;F1;F1;2020_04
31/07/2020;Lettura Rilevata; 4.190   ; 32   ;F2;F2;2020_04
31/07/2020;Lettura Rilevata; 5.153   ; 43   ;F3;F3;2020_04
31/08/2020;Lettura Rilevata; 3.169   ; 42   ;F1;F1;2020_04
31/08/2020;Lettura Rilevata; 4.219   ; 29   ;F2;F2;2020_04
31/08/2020;Lettura Rilevata; 5.200   ; 47   ;F3;F3;2020_04
30/09/2020;Lettura Rilevata; 3.203   ; 34   ;F1;F1;2020_05
30/09/2020;Lettura Rilevata; 4.247   ; 28   ;F2;F2;2020_05
30/09/2020;Lettura Rilevata; 5.234   ; 34   ;F3;F3;2020_05
31/10/2020;Lettura Rilevata; 3.246   ; 43   ;F1;F1;2020_05
31/10/2020;Lettura Rilevata; 4.285   ; 38   ;F2;F2;2020_05
31/10/2020;Lettura Rilevata; 5.272   ; 38   ;F3;F3;2020_05
30/11/2020;Lettura Rilevata; 3.281   ; 35   ;F1;F1;2020_06
30/11/2020;Lettura Rilevata; 4.319   ; 34   ;F2;F2;2020_06
30/11/2020;Lettura Rilevata; 5.308   ; 36   ;F3;F3;2020_06
31/12/2020;Lettura Rilevata; 3.321   ; 40   ;F1;F1;2020_06
31/12/2020;Lettura Rilevata; 4.353   ; 34   ;F2;F2;2020_06
31/12/2020;Lettura Rilevata; 5.351   ; 43   ;F3;F3;2020_06
31/01/2021;Lettura Rilevata; 3.355   ; 34   ;F1;F1;2021_01
31/01/2021;Lettura Rilevata; 4.392   ; 39   ;F2;F2;2021_01
31/01/2021;Lettura Rilevata; 5.394   ; 43   ;F3;F3;2021_01
28/02/2021;Lettura Rilevata; 3.391   ; 36   ;F1;F1;2021_01
28/02/2021;Lettura Rilevata; 4.424   ; 32   ;F2;F2;2021_01
28/02/2021;Lettura Rilevata; 5.427   ; 33   ;F3;F3;2021_01
31/03/2021;Lettura Rilevata; 3.439   ; 48   ;F1;F1;2021_02
31/03/2021;Lettura Rilevata; 4.460   ; 36   ;F2;F2;2021_02
31/03/2021;Lettura Rilevata; 5.462   ; 35   ;F3;F3;2021_02
30/04/2021;Lettura Rilevata; 3.470   ; 31   ;F1;F1;2021_02
30/04/2021;Lettura Rilevata; 4.490   ; 30   ;F2;F2;2021_02
30/04/2021;Lettura Rilevata; 5.494   ; 32   ;F3;F3;2021_02
31/05/2021;Lettura Rilevata; 3.502   ; 32   ;F1;F1;2021_03
31/05/2021;Lettura Rilevata; 4.521   ; 31   ;F2;F2;2021_03
31/05/2021;Lettura Rilevata; 5.534   ; 40   ;F3;F3;2021_03
30/06/2021;Lettura Rilevata; 3.537   ; 35   ;F1;F1;2021_03
30/06/2021;Lettura Rilevata; 4.553   ; 32   ;F2;F2;2021_03
30/06/2021;Lettura Rilevata; 5.584   ; 50   ;F3;F3;2021_03
31/07/2021;Lettura Rilevata; 3.579   ; 42   ;F1;F1;2021_04
31/07/2021;Lettura Rilevata; 4.591   ; 38   ;F2;F2;2021_04
31/07/2021;Lettura Rilevata; 5.632   ; 48   ;F3;F3;2021_04
31/08/2021;Lettura Rilevata; 3.625   ; 46   ;F1;F1;2021_04
31/08/2021;Lettura Rilevata; 4.630   ; 39   ;F2;F2;2021_04
31/08/2021;Lettura Rilevata; 5.684   ; 52   ;F3;F3;2021_04
30/09/2021;Lettura Rilevata; 3.661   ; 36   ;F1;F1;2021_05
30/09/2021;Lettura Rilevata; 4.663   ; 33   ;F2;F2;2021_05
30/09/2021;Lettura Rilevata; 5.724   ; 40   ;F3;F3;2021_05
31/10/2021;Lettura Rilevata; 3.696   ; 35   ;F1;F1;2021_05
31/10/2021;Lettura Rilevata; 4.702   ; 39   ;F2;F2;2021_05
31/10/2021;Lettura Rilevata; 5.763   ; 39   ;F3;F3;2021_05
30/11/2021;Lettura Rilevata; 3.739   ; 43   ;F1;F1;2021_06
30/11/2021;Lettura Rilevata; 4.748   ; 46   ;F2;F2;2021_06
30/11/2021;Lettura Rilevata; 5.815   ; 52   ;F3;F3;2021_06
31/12/2021;Lettura Rilevata; 3.820   ; 81   ;F1;F1;2021_06
31/12/2021;Lettura Rilevata; 4.797   ; 49   ;F2;F2;2021_06
31/12/2021;Lettura Rilevata; 5.913   ; 98   ;F3;F3;2021_06
31/01/2022;Lettura Rilevata; 3.893   ; 73   ;F1;F1;2022_01
31/01/2022;Lettura Rilevata; 4.854   ; 57   ;F2;F2;2022_01
31/01/2022;Lettura Rilevata; 6.020   ; 107   ;F3;F3;2022_01
28/02/2022;Lettura Rilevata; 3.959   ; 66   ;F1;F1;2022_01
28/02/2022;Lettura Rilevata; 4.909   ; 55   ;F2;F2;2022_01
28/02/2022;Lettura Rilevata; 6.106   ; 86   ;F3;F3;2022_01
31/03/2022;Lettura Rilevata; 4.023   ; 64   ;F1;F1;2022_02
31/03/2022;Lettura Rilevata; 4.960   ; 51   ;F2;F2;2022_02
31/03/2022;Lettura Rilevata; 6.181   ; 75   ;F3;F3;2022_02
30/04/2022;Lettura Rilevata; 4.089   ; 66   ;F1;F1;2022_02
30/04/2022;Lettura Rilevata; 5.024   ; 64   ;F2;F2;2022_02
30/04/2022;Lettura Rilevata; 6.279   ; 98   ;F3;F3;2022_02
31/05/2022;Lettura Rilevata; 4.152   ; 63   ;F1;F1;2022_03
31/05/2022;Lettura Rilevata; 5.077   ; 53   ;F2;F2;2022_03
31/05/2022;Lettura Rilevata; 6.366   ; 87   ;F3;F3;2022_03
30/06/2022;Lettura Rilevata; 4.204   ; 52   ;F1;F1;2022_03
30/06/2022;Lettura Rilevata; 5.125   ; 48   ;F2;F2;2022_03
30/06/2022;Lettura Rilevata; 6.444   ; 78   ;F3;F3;2022_03
31/07/2022;Lettura Rilevata; 4.248   ; 44   ;F1;F1;2022_04
31/07/2022;Lettura Rilevata; 5.166   ; 41   ;F2;F2;2022_04
31/07/2022;Lettura Rilevata; 6.498   ; 54   ;F3;F3;2022_04
31/08/2022;Lettura Rilevata; 4.304   ; 56   ;F1;F1;2022_04
31/08/2022;Lettura Rilevata; 5.211   ; 45   ;F2;F2;2022_04
31/08/2022;Lettura Rilevata; 6.564   ; 66   ;F3;F3;2022_04
30/09/2022;Lettura Rilevata; 4.352   ; 48   ;F1;F1;2022_05
30/09/2022;Lettura Rilevata; 5.258   ; 47   ;F2;F2;2022_05
30/09/2022;Lettura Rilevata; 6.627   ; 63   ;F3;F3;2022_05
31/10/2022;Lettura Rilevata; 4.380   ; 28   ;F1;F1;2022_05
31/10/2022;Lettura Rilevata; 5.292   ; 34   ;F2;F2;2022_05
31/10/2022;Lettura Rilevata; 6.676   ; 49   ;F3;F3;2022_05
